NAME,median_gross_rent,median_income,labor_force,unemployed_count,snap_households,total_households,state,county,snap_participation_rate,unemployment_rate,minimum_wage,wage_to_rent_ratio
"Adams County, Pennsylvania",1060.0,78975.0,53817.0,1832.0,2849.0,40006.0,42,001,7.1214317852322155,3.404128806882584,7.25,0.006839622641509434
"Allegheny County, Pennsylvania",1050.0,72537.0,673356.0,33317.0,67094.0,545637.0,42,003,12.296453502969923,4.9479027438680285,7.25,0.006904761904761905
"Armstrong County, Pennsylvania",777.0,61011.0,31799.0,1614.0,4081.0,27767.0,42,005,14.697302553390715,5.0756313091606655,7.25,0.00933075933075933
"Beaver County, Pennsylvania",830.0,67194.0,85062.0,4760.0,9905.0,71999.0,42,007,13.757135515771052,5.595918271378524,7.25,0.008734939759036145
"Bedford County, Pennsylvania",727.0,58337.0,23210.0,990.0,2568.0,19571.0,42,009,13.12145521434776,4.265402843601896,7.25,0.009972489683631361
"Berks County, Pennsylvania",1078.0,74617.0,223434.0,12012.0,22293.0,161174.0,42,011,13.831635375432763,5.376084212787669,7.25,0.006725417439703154
"Blair County, Pennsylvania",838.0,59386.0,60014.0,2508.0,8348.0,50587.0,42,013,16.502263427362763,4.179024894191356,7.25,0.008651551312649164
"Bradford County, Pennsylvania",824.0,60650.0,27268.0,1307.0,2994.0,24361.0,42,015,12.290135872911621,4.793164148452399,7.25,0.008798543689320388
"Bucks County, Pennsylvania",1461.0,107826.0,356387.0,16525.0,16649.0,246834.0,42,017,6.745018919597786,4.636813351777702,7.25,0.004962354551676934
"Butler County, Pennsylvania",978.0,82932.0,101332.0,4715.0,7098.0,79466.0,42,019,8.932121913774445,4.653021750286189,7.25,0.007413087934560327
"Cambria County, Pennsylvania",700.0,54221.0,60714.0,3007.0,10086.0,55541.0,42,021,18.159557804144686,4.952729189313832,7.25,0.010357142857142856
"Cameron County, Pennsylvania",657.0,46186.0,1949.0,139.0,550.0,2210.0,42,023,24.8868778280543,7.131862493586455,7.25,0.011035007610350075
"Carbon County, Pennsylvania",941.0,64538.0,33061.0,2287.0,3716.0,26662.0,42,025,13.937439051834073,6.917516106590847,7.25,0.0077045696068012755
"Centre County, Pennsylvania",1118.0,70087.0,77754.0,3084.0,4254.0,58285.0,42,027,7.29861885562323,3.966355428659619,7.25,0.00648479427549195
"Chester County, Pennsylvania",1601.0,118574.0,294627.0,11679.0,9842.0,200622.0,42,029,4.905743138838213,3.963995153193699,7.25,0.00452841973766396
"Clarion County, Pennsylvania",754.0,58690.0,18397.0,1021.0,2288.0,14808.0,42,031,15.451107509454348,5.549817905093222,7.25,0.009615384615384616
"Clearfield County, Pennsylvania",737.0,56982.0,37095.0,2234.0,6088.0,31741.0,42,033,19.180240068050786,6.022374983151368,7.25,0.00983717774762551
"Clinton County, Pennsylvania",840.0,59011.0,18617.0,996.0,2207.0,14877.0,42,035,14.834980170733347,5.349948971370253,7.25,0.008630952380952382
"Columbia County, Pennsylvania",862.0,59457.0,31750.0,1510.0,2681.0,25878.0,42,037,10.36015148002164,4.755905511811023,7.25,0.008410672853828306
"Crawford County, Pennsylvania",769.0,58734.0,38288.0,2159.0,5533.0,33191.0,42,039,16.670181675755476,5.638842457166737,7.25,0.00942782834850455
"Cumberland County, Pennsylvania",1146.0,82849.0,136815.0,5038.0,7413.0,104053.0,42,041,7.124253985949467,3.682344772137558,7.25,0.0063263525305410125
"Dauphin County, Pennsylvania",1090.0,71046.0,149867.0,6473.0,13070.0,117907.0,42,043,11.085007675540892,4.319162991185518,7.25,0.006651376146788991
"Delaware County, Pennsylvania",1257.0,86390.0,306479.0,20807.0,27384.0,215833.0,42,045,12.687587162296776,6.78904590526594,7.25,0.005767700875099443
"Elk County, Pennsylvania",707.0,61672.0,16011.0,1041.0,1895.0,13485.0,42,047,14.052651093807937,6.501780026231965,7.25,0.010254596888260255
"Erie County, Pennsylvania",851.0,59396.0,131589.0,7201.0,19978.0,109474.0,42,049,18.249081973802,5.472341913077841,7.25,0.008519388954171562
"Fayette County, Pennsylvania",754.0,55579.0,58587.0,4224.0,12475.0,54937.0,42,051,22.707828967726666,7.209790567873418,7.25,0.009615384615384616
"Forest County, Pennsylvania",720.0,46188.0,1703.0,73.0,291.0,1844.0,42,053,15.780911062906725,4.286553141514974,7.25,0.010069444444444445
"Franklin County, Pennsylvania",1019.0,71808.0,78537.0,2687.0,6479.0,62576.0,42,055,10.353809767322936,3.4213173408711812,7.25,0.007114818449460255
"Fulton County, Pennsylvania",759.0,63153.0,7143.0,264.0,873.0,6126.0,42,057,14.25073457394711,3.6959260814783708,7.25,0.009552042160737812
"Greene County, Pennsylvania",754.0,66283.0,14999.0,776.0,2659.0,13957.0,42,059,19.051372071362042,5.1736782452163474,7.25,0.009615384615384616
"Huntingdon County, Pennsylvania",759.0,61300.0,19316.0,984.0,2093.0,15771.0,42,061,13.271193963604084,5.094222406295299,7.25,0.009552042160737812
"Indiana County, Pennsylvania",771.0,57170.0,39030.0,2522.0,4465.0,32285.0,42,063,13.829951990088277,6.461696131181142,7.25,0.00940337224383917
"Jefferson County, Pennsylvania",743.0,56607.0,21052.0,1131.0,2549.0,18018.0,42,065,14.146964146964148,5.372411172335171,7.25,0.009757738896366084
"Juniata County, Pennsylvania",715.0,61915.0,11271.0,353.0,980.0,8852.0,42,067,11.070944419340261,3.1319315056339283,7.25,0.01013986013986014
"Lackawanna County, Pennsylvania",917.0,63739.0,107488.0,5181.0,14661.0,87896.0,42,069,16.67993992900701,4.8200729383745164,7.25,0.007906215921483098
"Lancaster County, Pennsylvania",1221.0,81458.0,289582.0,9783.0,16956.0,208988.0,42,071,8.113384500545486,3.378317713117528,7.25,0.005937755937755937
"Lawrence County, Pennsylvania",787.0,57585.0,41713.0,2827.0,7081.0,35933.0,42,073,19.706119722817466,6.777263682784744,7.25,0.009212198221092757
"Lebanon County, Pennsylvania",1023.0,72532.0,71666.0,3151.0,6191.0,55236.0,42,075,11.208269968860888,4.396785086372897,7.25,0.007086999022482893
"Lehigh County, Pennsylvania",1259.0,74973.0,194595.0,11230.0,21043.0,142160.0,42,077,14.802335396736071,5.770960199388473,7.25,0.005758538522637013
"Luzerne County, Pennsylvania",904.0,60836.0,163259.0,9567.0,25055.0,132608.0,42,079,18.894033542471043,5.860013843034687,7.25,0.008019911504424779
"Lycoming County, Pennsylvania",886.0,63437.0,55369.0,2940.0,6697.0,45705.0,42,081,14.652663822338912,5.309830410518521,7.25,0.008182844243792325
"McKean County, Pennsylvania",756.0,57861.0,18554.0,979.0,2629.0,15931.0,42,083,16.502416671897556,5.276490244691172,7.25,0.00958994708994709
"Mercer County, Pennsylvania",761.0,57353.0,50623.0,2773.0,7813.0,45890.0,42,085,17.025495750708217,5.477747269027912,7.25,0.009526938239159002
"Mifflin County, Pennsylvania",763.0,58012.0,22093.0,864.0,2916.0,18612.0,42,087,15.667311411992262,3.910740958674693,7.25,0.009501965923984272
"Monroe County, Pennsylvania",1311.0,80656.0,84496.0,5328.0,8137.0,59113.0,42,089,13.76516163957167,6.305623934860821,7.25,0.005530129672006103
"Montgomery County, Pennsylvania",1514.0,107441.0,472913.0,21418.0,18795.0,329680.0,42,091,5.700982771172046,4.528951413896425,7.25,0.004788639365918098
"Montour County, Pennsylvania",998.0,72626.0,8925.0,214.0,648.0,7633.0,42,093,8.48945368793397,2.3977591036414565,7.25,0.007264529058116233
"Northampton County, Pennsylvania",1280.0,82201.0,163495.0,7599.0,12727.0,120384.0,42,095,10.572002923976607,4.64784855805988,7.25,0.0056640625
"Northumberland County, Pennsylvania",751.0,55952.0,43524.0,2063.0,5446.0,37775.0,42,097,14.416942422236929,4.739913610881353,7.25,0.009653794940079893
"Perry County, Pennsylvania",803.0,76103.0,23130.0,784.0,1764.0,18066.0,42,099,9.764197940883427,3.3895373973194984,7.25,0.009028642590286426
"Philadelphia County, Pennsylvania",1250.0,57537.0,806458.0,69721.0,172146.0,659129.0,42,101,26.117194054578086,8.64533552894261,7.25,0.0058
"Pike County, Pennsylvania",1344.0,76416.0,28831.0,2451.0,2896.0,23780.0,42,103,12.178301093355762,8.501265998404495,7.25,0.005394345238095238
"Potter County, Pennsylvania",725.0,56491.0,7174.0,347.0,989.0,6595.0,42,105,14.996209249431388,4.836911067744634,7.25,0.01
"Schuylkill County, Pennsylvania",801.0,63574.0,68188.0,3618.0,9234.0,56987.0,42,107,16.203695579693616,5.305918930017012,7.25,0.009051186017478152
"Snyder County, Pennsylvania",849.0,65914.0,19864.0,434.0,1325.0,14430.0,42,109,9.182259182259182,2.184857027788965,7.25,0.008539458186101296
"Somerset County, Pennsylvania",704.0,57357.0,34541.0,1792.0,4153.0,28956.0,42,111,14.342450614725792,5.188037404823254,7.25,0.010298295454545454
"Sullivan County, Pennsylvania",688.0,62910.0,2697.0,149.0,188.0,2462.0,42,113,7.6360682372055235,5.524657026325547,7.25,0.010537790697674418
"Susquehanna County, Pennsylvania",855.0,63968.0,17848.0,1036.0,1846.0,15641.0,42,115,11.802314430023655,5.804571940833707,7.25,0.00847953216374269
"Tioga County, Pennsylvania",811.0,59707.0,19405.0,876.0,2194.0,16583.0,42,117,13.2304166917928,4.514300438031435,7.25,0.008939580764488286
"Union County, Pennsylvania",899.0,64914.0,17480.0,604.0,1514.0,14172.0,42,119,10.683036974315552,3.455377574370709,7.25,0.008064516129032258
"Venango County, Pennsylvania",740.0,59278.0,23287.0,1554.0,3979.0,21323.0,42,121,18.66060122872016,6.673251170180787,7.25,0.009797297297297298
"Warren County, Pennsylvania",728.0,57925.0,18149.0,786.0,1994.0,16209.0,42,123,12.301807637732125,4.330817124910463,7.25,0.009958791208791208
"Washington County, Pennsylvania",879.0,74403.0,107548.0,5400.0,11240.0,87200.0,42,125,12.889908256880734,5.021013872875367,7.25,0.008248009101251423
"Wayne County, Pennsylvania",933.0,59240.0,22550.0,1333.0,2437.0,19747.0,42,127,12.341115106092063,5.911308203991131,7.25,0.007770632368703108
"Westmoreland County, Pennsylvania",822.0,69454.0,180574.0,8962.0,19214.0,153237.0,42,129,12.538747169417308,4.963062234873237,7.25,0.008819951338199513
"Wyoming County, Pennsylvania",876.0,67968.0,12610.0,562.0,1631.0,10788.0,42,131,15.118650352243233,4.456780333068993,7.25,0.008276255707762557
"York County, Pennsylvania",1094.0,79183.0,241781.0,11133.0,19515.0,178543.0,42,133,10.930140078300465,4.604580177929614,7.25,0.0066270566727605115
"Atlantic County, New Jersey",1268.0,73113.0,141332.0,11721.0,12285.0,106640.0,34,001,11.520067516879221,8.293238615458637,13.0,0.01025236593059937
"Bergen County, New Jersey",1782.0,118714.0,520767.0,28408.0,17281.0,350843.0,34,003,4.925564996308891,5.455030752716666,13.0,0.007295173961840628
"Burlington County, New Jersey",1575.0,102615.0,245760.0,12471.0,8237.0,174454.0,34,005,4.721588498973942,5.074462890625,13.0,0.008253968253968255
"Camden County, New Jersey",1264.0,82005.0,276825.0,20030.0,24076.0,198757.0,34,007,12.113284060435607,7.235618170324212,13.0,0.010284810126582278
"Cape May County, New Jersey",1285.0,83870.0,45141.0,2927.0,3302.0,43277.0,34,009,7.629918894562931,6.484127511574843,13.0,0.010116731517509728
"Cumberland County, New Jersey",1202.0,62310.0,68522.0,5356.0,8197.0,52584.0,34,011,15.588391906283281,7.816467703803158,13.0,0.010815307820299502
"Essex County, New Jersey",1404.0,73785.0,446140.0,38058.0,44084.0,312942.0,34,013,14.086955410267718,8.530506119155422,13.0,0.009259259259259259
"Gloucester County, New Jersey",1435.0,99668.0,164382.0,8591.0,7467.0,109996.0,34,015,6.788428670133459,5.226241315959168,13.0,0.009059233449477353
"Hudson County, New Jersey",1722.0,86854.0,406199.0,23656.0,39238.0,290054.0,34,017,13.527825853117006,5.823746488789977,13.0,0.007549361207897794
"Hunterdon County, New Jersey",1627.0,133534.0,70881.0,3249.0,1488.0,49676.0,34,019,2.9954102584749176,4.583738942735007,13.0,0.007990165949600492
"Mercer County, New Jersey",1454.0,92697.0,198630.0,12161.0,12623.0,139549.0,34,021,9.045568223348072,6.122438705130142,13.0,0.008940852819807428
"Middlesex County, New Jersey",1739.0,105206.0,462251.0,29169.0,21024.0,301967.0,34,023,6.96235019058374,6.3102080904097555,13.0,0.007475560667050029
"Monmouth County, New Jersey",1683.0,118527.0,350176.0,19044.0,12215.0,248117.0,34,025,4.923080643406135,5.4384081147765695,13.0,0.007724301841948901
"Morris County, New Jersey",1814.0,130808.0,282832.0,15058.0,6471.0,189607.0,34,027,3.412848681746982,5.324008598744131,13.0,0.007166482910694598
"Ocean County, New Jersey",1639.0,82379.0,293101.0,16714.0,14569.0,239466.0,34,029,6.083953463122113,5.7024711618179404,13.0,0.007931665649786455
"Passaic County, New Jersey",1484.0,84465.0,273247.0,21426.0,31063.0,177209.0,34,031,17.529019406463554,7.841257177571941,13.0,0.00876010781671159
"Salem County, New Jersey",1165.0,73378.0,31822.0,2530.0,2887.0,24744.0,34,033,11.667474943420627,7.9504745144868325,13.0,0.011158798283261802
"Somerset County, New Jersey",1846.0,131948.0,194553.0,9667.0,3745.0,127566.0,34,035,2.935735227254911,4.968825975441139,13.0,0.007042253521126761
"Sussex County, New Jersey",1501.0,111094.0,82356.0,4546.0,1543.0,56348.0,34,037,2.7383403137644637,5.5199378308805676,13.0,0.008660892738174551
"Union County, New Jersey",1570.0,95000.0,311931.0,19438.0,16104.0,199996.0,34,039,8.052161043220863,6.231506326719692,13.0,0.008280254777070064
"Warren County, New Jersey",1292.0,92620.0,60345.0,3604.0,3363.0,44370.0,34,041,7.5794455713319815,5.972325793354876,13.0,0.010061919504643963
"Allegany County, Maryland",743.0,55248.0,28476.0,1924.0,5817.0,27462.0,24,001,21.18199694122788,6.756566933558084,12.5,0.016823687752355317
"Anne Arundel County, Maryland",1908.0,116009.0,312808.0,13019.0,13554.0,221704.0,24,003,6.113556814491393,4.161977954528017,12.5,0.006551362683438155
"Baltimore County, Maryland",1479.0,88157.0,453360.0,23730.0,36346.0,328611.0,24,005,11.060494018763826,5.2342509264160935,12.5,0.008451656524678837
"Calvert County, Maryland",1589.0,128078.0,48828.0,1553.0,1776.0,33284.0,24,009,5.335897127749069,3.1805521422134837,12.5,0.007866582756450597
"Caroline County, Maryland",1074.0,65326.0,16795.0,775.0,2135.0,12013.0,24,011,17.772413219012737,4.61446859184281,12.5,0.011638733705772812
"Carroll County, Maryland",1283.0,111672.0,94103.0,2960.0,3629.0,63318.0,24,013,5.73138759910294,3.1454895168060526,12.5,0.009742790335151987
"Cecil County, Maryland",1322.0,86869.0,52778.0,2582.0,4989.0,39338.0,24,015,12.682393614316945,4.892189927621357,12.5,0.009455370650529501
"Charles County, Maryland",1839.0,116882.0,88994.0,4352.0,4822.0,59205.0,24,017,8.144582383244659,4.89021731802144,12.5,0.006797172376291463
"Dorchester County, Maryland",968.0,57490.0,15871.0,870.0,2823.0,13216.0,24,019,21.36047215496368,5.481696175414277,12.5,0.012913223140495868
"Frederick County, Maryland",1633.0,115724.0,150270.0,5597.0,6986.0,99891.0,24,021,6.993623049123545,3.7246290011312975,12.5,0.0076546233925290875
"Garrett County, Maryland",681.0,64447.0,14213.0,658.0,1865.0,12448.0,24,023,14.9823264781491,4.629564483219588,12.5,0.018355359765051395
"Harford County, Maryland",1475.0,106417.0,141205.0,5205.0,7234.0,98822.0,24,025,7.320232336929024,3.686130094543395,12.5,0.00847457627118644
"Howard County, Maryland",1920.0,140971.0,181151.0,6846.0,6197.0,119230.0,24,027,5.197517403338086,3.7791676557126377,12.5,0.006510416666666667
"Kent County, Maryland",1072.0,71635.0,9594.0,315.0,1052.0,8375.0,24,029,12.561194029850748,3.283302063789869,12.5,0.01166044776119403
"Montgomery County, Maryland",1957.0,125583.0,589278.0,28529.0,26926.0,385284.0,24,031,6.988610998639964,4.841348226134355,12.5,0.006387327542156361
"Prince George's County, Maryland",1713.0,97935.0,536480.0,35915.0,37424.0,341057.0,24,033,10.972945871218007,6.694564569042647,12.5,0.0072971395213076475
"Queen Anne's County, Maryland",1600.0,108332.0,27167.0,987.0,1438.0,19351.0,24,035,7.431140509534391,3.6330842566348878,12.5,0.0078125
"St. Mary's County, Maryland",1595.0,113668.0,59479.0,2173.0,4114.0,41211.0,24,037,9.982771590109436,3.6533902721969094,12.5,0.007836990595611285
"Somerset County, Maryland",934.0,52149.0,10393.0,732.0,2150.0,8355.0,24,039,25.73309395571514,7.043202155296835,12.5,0.013383297644539615
"Talbot County, Maryland",1204.0,81667.0,17615.0,559.0,1725.0,16270.0,24,041,10.602335586969883,3.1734317343173433,12.5,0.010382059800664452
"Washington County, Maryland",1049.0,73017.0,74680.0,3727.0,9413.0,59051.0,24,043,15.940458247955158,4.990626673808249,12.5,0.011916110581506196
"Wicomico County, Maryland",1190.0,69421.0,54622.0,3753.0,7015.0,39939.0,24,045,17.56428553544155,6.870857896085826,12.5,0.01050420168067227
"Worcester County, Maryland",1144.0,76689.0,26364.0,1720.0,2453.0,23457.0,24,047,10.457432749285928,6.524047944166288,12.5,0.010926573426573426
"Baltimore city, Maryland",1235.0,58349.0,295854.0,20484.0,58159.0,247232.0,24,510,23.524058374320475,6.923685331278266,12.5,0.010121457489878543
